<?xml version="1.0" encoding="UTF-8"?>
<GenRun Id="impl_1" LaunchPart="xc7z020clg400-1" LaunchTime="1747050980">
  <File Type="ROUTE-PWR" Name="ASB_ip_AXI_power_routed.rpt"/>
  <File Type="PA-TCL" Name="ASB_ip_AXI.tcl"/>
  <File Type="OPT-METHODOLOGY-DRC" Name="ASB_ip_AXI_methodology_drc_opted.rpt"/>
  <File Type="INIT-TIMING" Name="ASB_ip_AXI_timing_summary_init.rpt"/>
  <File Type="ROUTE-PWR-SUM" Name="ASB_ip_AXI_power_summary_routed.pb"/>
  <File Type="OPT-RQA-PB" Name="ASB_ip_AXI_rqa_opted.pb"/>
  <File Type="REPORTS-TCL" Name="ASB_ip_AXI_reports.tcl"/>
  <File Type="OPT-TIMING" Name="ASB_ip_AXI_timing_summary_opted.rpt"/>
  <File Type="OPT-DCP" Name="ASB_ip_AXI_opt.dcp"/>
  <File Type="OPT-DRC" Name="ASB_ip_AXI_drc_opted.rpt"/>
  <File Type="OPT-HWDEF" Name="ASB_ip_AXI.hwdef"/>
  <File Type="PWROPT-DCP" Name="ASB_ip_AXI_pwropt.dcp"/>
  <File Type="PWROPT-DRC" Name="ASB_ip_AXI_drc_pwropted.rpt"/>
  <File Type="PWROPT-TIMING" Name="ASB_ip_AXI_timing_summary_pwropted.rpt"/>
  <File Type="PLACE-DCP" Name="ASB_ip_AXI_placed.dcp"/>
  <File Type="PLACE-IO" Name="ASB_ip_AXI_io_placed.rpt"/>
  <File Type="PLACE-CLK" Name="ASB_ip_AXI_clock_utilization_placed.rpt"/>
  <File Type="PLACE-UTIL" Name="ASB_ip_AXI_utilization_placed.rpt"/>
  <File Type="PLACE-UTIL-PB" Name="ASB_ip_AXI_utilization_placed.pb"/>
  <File Type="PLACE-CTRL" Name="ASB_ip_AXI_control_sets_placed.rpt"/>
  <File Type="PLACE-SIMILARITY" Name="ASB_ip_AXI_incremental_reuse_placed.rpt"/>
  <File Type="PLACE-PRE-SIMILARITY" Name="ASB_ip_AXI_incremental_reuse_pre_placed.rpt"/>
  <File Type="BG-BIN" Name="ASB_ip_AXI.bin"/>
  <File Type="PLACE-TIMING" Name="ASB_ip_AXI_timing_summary_placed.rpt"/>
  <File Type="ROUTE-PWR-RPX" Name="ASB_ip_AXI_power_routed.rpx"/>
  <File Type="PLACE-RQA-PB" Name="ASB_ip_AXI_rqa_placed.pb"/>
  <File Type="POSTPLACE-PWROPT-DCP" Name="ASB_ip_AXI_postplace_pwropt.dcp"/>
  <File Type="BITSTR-MSK" Name="ASB_ip_AXI.msk"/>
  <File Type="POSTPLACE-PWROPT-TIMING" Name="ASB_ip_AXI_timing_summary_postplace_pwropted.rpt"/>
  <File Type="PHYSOPT-DCP" Name="ASB_ip_AXI_physopt.dcp"/>
  <File Type="PHYSOPT-DRC" Name="ASB_ip_AXI_drc_physopted.rpt"/>
  <File Type="BITSTR-RBT" Name="ASB_ip_AXI.rbt"/>
  <File Type="PHYSOPT-TIMING" Name="ASB_ip_AXI_timing_summary_physopted.rpt"/>
  <File Type="ROUTE-ERROR-DCP" Name="ASB_ip_AXI_routed_error.dcp"/>
  <File Type="ROUTE-DCP" Name="ASB_ip_AXI_routed.dcp"/>
  <File Type="ROUTE-BLACKBOX-DCP" Name="ASB_ip_AXI_routed_bb.dcp"/>
  <File Type="ROUTE-DRC" Name="ASB_ip_AXI_drc_routed.rpt"/>
  <File Type="ROUTE-DRC-PB" Name="ASB_ip_AXI_drc_routed.pb"/>
  <File Type="ROUTE-DRC-RPX" Name="ASB_ip_AXI_drc_routed.rpx"/>
  <File Type="ROUTE-METHODOLOGY-DRC" Name="ASB_ip_AXI_methodology_drc_routed.rpt"/>
  <File Type="ROUTE-METHODOLOGY-DRC-RPX" Name="ASB_ip_AXI_methodology_drc_routed.rpx"/>
  <File Type="ROUTE-METHODOLOGY-DRC-PB" Name="ASB_ip_AXI_methodology_drc_routed.pb"/>
  <File Type="ROUTE-RQS-PB" Name="ASB_ip_AXI_rqs_routed.pb"/>
  <File Type="ROUTE-STATUS" Name="ASB_ip_AXI_route_status.rpt"/>
  <File Type="ROUTE-STATUS-PB" Name="ASB_ip_AXI_route_status.pb"/>
  <File Type="ROUTE-TIMINGSUMMARY" Name="ASB_ip_AXI_timing_summary_routed.rpt"/>
  <File Type="ROUTE-TIMING-PB" Name="ASB_ip_AXI_timing_summary_routed.pb"/>
  <File Type="ROUTE-TIMING-RPX" Name="ASB_ip_AXI_timing_summary_routed.rpx"/>
  <File Type="ROUTE-SIMILARITY" Name="ASB_ip_AXI_incremental_reuse_routed.rpt"/>
  <File Type="ROUTE-CLK" Name="ASB_ip_AXI_clock_utilization_routed.rpt"/>
  <File Type="ROUTE-BUS-SKEW" Name="ASB_ip_AXI_bus_skew_routed.rpt"/>
  <File Type="ROUTE-BUS-SKEW-PB" Name="ASB_ip_AXI_bus_skew_routed.pb"/>
  <File Type="ROUTE-BUS-SKEW-RPX" Name="ASB_ip_AXI_bus_skew_routed.rpx"/>
  <File Type="POSTROUTE-PHYSOPT-DCP" Name="ASB_ip_AXI_postroute_physopt.dcp"/>
  <File Type="POSTROUTE-PHYSOPT-BLACKBOX-DCP" Name="ASB_ip_AXI_postroute_physopt_bb.dcp"/>
  <File Type="POSTROUTE-PHYSOPT-TIMING" Name="ASB_ip_AXI_timing_summary_postroute_physopted.rpt"/>
  <File Type="POSTROUTE-PHYSOPT-TIMING-PB" Name="ASB_ip_AXI_timing_summary_postroute_physopted.pb"/>
  <File Type="POSTROUTE-PHYSOPT-TIMING-RPX" Name="ASB_ip_AXI_timing_summary_postroute_physopted.rpx"/>
  <File Type="POSTROUTE-PHYSOPT-BUS-SKEW" Name="ASB_ip_AXI_bus_skew_postroute_physopted.rpt"/>
  <File Type="BG-BIT" Name="ASB_ip_AXI.bit"/>
  <File Type="POSTROUTE-PHYSOPT-BUS-SKEW-PB" Name="ASB_ip_AXI_bus_skew_postroute_physopted.pb"/>
  <File Type="POSTROUTE-PHYSOPT-BUS-SKEW-RPX" Name="ASB_ip_AXI_bus_skew_postroute_physopted.rpx"/>
  <File Type="BITSTR-NKY" Name="ASB_ip_AXI.nky"/>
  <File Type="BITSTR-BMM" Name="ASB_ip_AXI_bd.bmm"/>
  <File Type="BITSTR-MMI" Name="ASB_ip_AXI.mmi"/>
  <File Type="PDI-FILE" Name="ASB_ip_AXI.pdi"/>
  <File Type="BOOT-PDI-FILE" Name="ASB_ip_AXI_boot.pdi"/>
  <File Type="PL-PDI-FILE" Name="ASB_ip_AXI_pld.pdi"/>
  <File Type="RCFI_FILE" Name="ASB_ip_AXI.rcfi"/>
  <File Type="CFI_FILE" Name="ASB_ip_AXI.cfi"/>
  <File Type="RNPI_FILE" Name="ASB_ip_AXI.rnpi"/>
  <File Type="NPI_FILE" Name="ASB_ip_AXI.npi"/>
  <File Type="RBD_FILE" Name="ASB_ip_AXI.rbd"/>
  <File Type="BITSTR-LTX" Name="debug_nets.ltx"/>
  <File Type="BITSTR-LTX" Name="ASB_ip_AXI.ltx"/>
  <File Type="BITSTR-SYSDEF" Name="ASB_ip_AXI.sysdef"/>
  <File Type="BG-BGN" Name="ASB_ip_AXI.bgn"/>
  <File Type="BG-DRC" Name="ASB_ip_AXI.drc"/>
  <File Type="RDI-RDI" Name="ASB_ip_AXI.vdi"/>
  <File Type="WBT-USG" Name="usage_statistics_webtalk.html"/>
  <File Type="ROUTE-RQS" Name="ASB_ip_AXI_routed.rqs"/>
  <File Type="POSTROUTE-PHYSOPT-RQS" Name="ASB_ip_AXI_postroute_physopted.rqs"/>
  <File Type="ROUTE-RQS-RPT" Name="route_report_qor_suggestions_0.rpt"/>
  <File Type="POSTROUTE-PHYSOPT-RQS-RPT" Name="postroute_physopt_report_qor_suggestions_0.rpt"/>
  <FileSet Name="sources" Type="DesignSrcs" RelSrcDir="$PSRCDIR/sources_1" RelGenDir="$PGENDIR/sources_1">
    <Filter Type="Srcs"/>
    <File Path="$PPRDIR/../ip_repo/ASB_ip_AXI_1_0/hdl/ASB_ip_AXI_slave_lite_v1_0_S00_AXI.v">
      <FileInfo>
        <Attr Name="Library" Val=""/>
        <Attr Name="UsedIn" Val="synthesis"/>
        <Attr Name="UsedIn" Val="implementation"/>
        <Attr Name="UsedIn" Val="simulation"/>
      </FileInfo>
    </File>
    <File Path="$PPRDIR/../ip_repo/ASB_ip_AXI_1_0/hdl/ASB_ip_AXI.v">
      <FileInfo>
        <Attr Name="Library" Val=""/>
        <Attr Name="UsedIn" Val="synthesis"/>
        <Attr Name="UsedIn" Val="implementation"/>
        <Attr Name="UsedIn" Val="simulation"/>
      </FileInfo>
    </File>
    <File Path="$PPRDIR/../ip_repo/ASB_ip_AXI_1_0/component.xml">
      <FileInfo SFType="IPXACT"/>
    </File>
    <File Path="$PPRDIR/../ip_repo/ASB_ip_AXI_1_0/src/turn_detector.v">
      <FileInfo>
        <Attr Name="AutoDisabled" Val="1"/>
        <Attr Name="UsedIn" Val="synthesis"/>
        <Attr Name="UsedIn" Val="implementation"/>
        <Attr Name="UsedIn" Val="simulation"/>
      </FileInfo>
    </File>
    <File Path="$PPRDIR/../ip_repo/ASB_ip_AXI_1_0/src/ABS.v">
      <FileInfo>
        <Attr Name="AutoDisabled" Val="1"/>
        <Attr Name="UsedIn" Val="synthesis"/>
        <Attr Name="UsedIn" Val="implementation"/>
        <Attr Name="UsedIn" Val="simulation"/>
      </FileInfo>
    </File>
    <File Path="$PSRCDIR/sources_1/bd/system/system.bd">
      <FileInfo>
        <Attr Name="AutoDisabled" Val="1"/>
        <Attr Name="UsedIn" Val="synthesis"/>
        <Attr Name="UsedIn" Val="implementation"/>
        <Attr Name="UsedIn" Val="simulation"/>
      </FileInfo>
    </File>
    <File Path="$PGENDIR/sources_1/bd/system/hdl/system_wrapper.v">
      <FileInfo>
        <Attr Name="AutoDisabled" Val="1"/>
        <Attr Name="UsedIn" Val="synthesis"/>
        <Attr Name="UsedIn" Val="implementation"/>
        <Attr Name="UsedIn" Val="simulation"/>
      </FileInfo>
    </File>
    <Config>
      <Option Name="DesignMode" Val="RTL"/>
      <Option Name="TopModule" Val="ASB_ip_AXI"/>
      <Option Name="TopRTLFile" Val="$PPRDIR/../ip_repo/ASB_ip_AXI_1_0/hdl/ASB_ip_AXI.v"/>
    </Config>
  </FileSet>
  <FileSet Name="constrs_in" Type="Constrs" RelSrcDir="$PSRCDIR/constrs_1" RelGenDir="$PGENDIR/constrs_1">
    <Filter Type="Constrs"/>
    <File Path="$PPRDIR/../Constraints/myConstraints.xdc">
      <FileInfo>
        <Attr Name="UsedIn" Val="synthesis"/>
        <Attr Name="UsedIn" Val="implementation"/>
      </FileInfo>
    </File>
    <Config>
      <Option Name="ConstrsType" Val="XDC"/>
    </Config>
  </FileSet>
  <FileSet Name="utils" Type="Utils" RelSrcDir="$PSRCDIR/utils_1" RelGenDir="$PGENDIR/utils_1">
    <Filter Type="Utils"/>
    <Config>
      <Option Name="TopAutoSet" Val="TRUE"/>
    </Config>
  </FileSet>
  <Strategy Version="1" Minor="2">
    <StratHandle Name="Vivado Implementation Defaults" Flow="Vivado Implementation 2024">
      <Desc>Default settings for Implementation.</Desc>
    </StratHandle>
    <Step Id="init_design"/>
    <Step Id="opt_design"/>
    <Step Id="power_opt_design"/>
    <Step Id="place_design"/>
    <Step Id="post_place_power_opt_design"/>
    <Step Id="phys_opt_design"/>
    <Step Id="route_design"/>
    <Step Id="post_route_phys_opt_design"/>
    <Step Id="write_bitstream"/>
  </Strategy>
</GenRun>
