<?xml version="1.0" encoding="UTF-8"?>
<GenRun Id="synth_1" LaunchPart="xc7z020clg400-1" LaunchTime="1747661896">
  <File Type="PA-TCL" Name="ABS_ip_AXI.tcl"/>
  <File Type="RDS-PROPCONSTRS" Name="ABS_ip_AXI_drc_synth.rpt"/>
  <File Type="REPORTS-TCL" Name="ABS_ip_AXI_reports.tcl"/>
  <File Type="RDS-RDS" Name="ABS_ip_AXI.vds"/>
  <File Type="RDS-UTIL" Name="ABS_ip_AXI_utilization_synth.rpt"/>
  <File Type="RDS-UTIL-PB" Name="ABS_ip_AXI_utilization_synth.pb"/>
  <File Type="RDS-DCP" Name="ABS_ip_AXI.dcp"/>
  <File Type="VDS-TIMINGSUMMARY" Name="ABS_ip_AXI_timing_summary_synth.rpt"/>
  <File Type="VDS-TIMING-PB" Name="ABS_ip_AXI_timing_summary_synth.pb"/>
  <FileSet Name="sources" Type="DesignSrcs" RelSrcDir="$PSRCDIR/sources_1" RelGenDir="$PGENDIR/sources_1">
    <Filter Type="Srcs"/>
    <File Path="$PPRDIR/../../../../../Documenti/UNI/FPGA/ABS/ip_repo/ABS_ip_AXI_1_0/hdl/ABS_ip_AXI_slave_lite_v1_0_S00_AXI.v">
      <FileInfo>
        <Attr Name="Library" Val=""/>
        <Attr Name="UsedIn" Val="synthesis"/>
        <Attr Name="UsedIn" Val="implementation"/>
        <Attr Name="UsedIn" Val="simulation"/>
      </FileInfo>
    </File>
    <File Path="$PPRDIR/../../../../../Documenti/UNI/FPGA/ABS/ip_repo/ABS_ip_AXI_1_0/hdl/ABS_ip_AXI.v">
      <FileInfo>
        <Attr Name="Library" Val=""/>
        <Attr Name="UsedIn" Val="synthesis"/>
        <Attr Name="UsedIn" Val="implementation"/>
        <Attr Name="UsedIn" Val="simulation"/>
      </FileInfo>
    </File>
    <File Path="$PPRDIR/../../../../../Documenti/UNI/FPGA/ABS/ip_repo/ABS_ip_AXI_1_0/component.xml">
      <FileInfo SFType="IPXACT"/>
    </File>
    <File Path="$PPRDIR/../../../../../Documenti/UNI/FPGA/ABS/ip_repo/ABS_ip_AXI_1_0/src/turn_detector.v">
      <FileInfo>
        <Attr Name="AutoDisabled" Val="1"/>
        <Attr Name="UsedIn" Val="synthesis"/>
        <Attr Name="UsedIn" Val="implementation"/>
        <Attr Name="UsedIn" Val="simulation"/>
      </FileInfo>
    </File>
    <File Path="$PPRDIR/../../../../../Documenti/UNI/FPGA/ABS/ip_repo/ABS_ip_AXI_1_0/src/Direction_compensator.v">
      <FileInfo>
        <Attr Name="AutoDisabled" Val="1"/>
        <Attr Name="UsedIn" Val="synthesis"/>
        <Attr Name="UsedIn" Val="implementation"/>
        <Attr Name="UsedIn" Val="simulation"/>
      </FileInfo>
    </File>
    <File Path="$PPRDIR/../../../../../Documenti/UNI/FPGA/ABS/ip_repo/ABS_ip_AXI_1_0/src/ABS.v">
      <FileInfo>
        <Attr Name="AutoDisabled" Val="1"/>
        <Attr Name="UsedIn" Val="synthesis"/>
        <Attr Name="UsedIn" Val="implementation"/>
        <Attr Name="UsedIn" Val="simulation"/>
      </FileInfo>
    </File>
    <File Path="$PSRCDIR/sources_1/bd/system/system.bd">
      <FileInfo>
        <Attr Name="AutoDisabled" Val="1"/>
        <Attr Name="UsedIn" Val="synthesis"/>
        <Attr Name="UsedIn" Val="implementation"/>
        <Attr Name="UsedIn" Val="simulation"/>
      </FileInfo>
    </File>
    <File Path="$PGENDIR/sources_1/bd/system/hdl/system_wrapper.v">
      <FileInfo>
        <Attr Name="AutoDisabled" Val="1"/>
        <Attr Name="UsedIn" Val="synthesis"/>
        <Attr Name="UsedIn" Val="implementation"/>
        <Attr Name="UsedIn" Val="simulation"/>
      </FileInfo>
    </File>
    <Config>
      <Option Name="DesignMode" Val="RTL"/>
      <Option Name="TopModule" Val="ABS_ip_AXI"/>
      <Option Name="TopRTLFile" Val="$PPRDIR/../../../../../Documenti/UNI/FPGA/ABS/ip_repo/ABS_ip_AXI_1_0/hdl/ABS_ip_AXI.v"/>
    </Config>
  </FileSet>
  <FileSet Name="constrs_in" Type="Constrs" RelSrcDir="$PSRCDIR/constrs_1" RelGenDir="$PGENDIR/constrs_1">
    <Filter Type="Constrs"/>
    <File Path="$PPRDIR/../../../../../Documenti/UNI/FPGA/Constraints/myConstraints.xdc">
      <FileInfo>
        <Attr Name="UsedIn" Val="synthesis"/>
        <Attr Name="UsedIn" Val="implementation"/>
      </FileInfo>
    </File>
    <Config>
      <Option Name="ConstrsType" Val="XDC"/>
    </Config>
  </FileSet>
  <FileSet Name="utils" Type="Utils" RelSrcDir="$PSRCDIR/utils_1" RelGenDir="$PGENDIR/utils_1">
    <Filter Type="Utils"/>
    <Config>
      <Option Name="TopAutoSet" Val="TRUE"/>
    </Config>
  </FileSet>
  <Strategy Version="1" Minor="2">
    <StratHandle Name="Vivado Synthesis Defaults" Flow="Vivado Synthesis 2024">
      <Desc>Vivado Synthesis Defaults</Desc>
    </StratHandle>
    <Step Id="synth_design"/>
  </Strategy>
</GenRun>
